707	2022-05-30 00:00:00.000000000	2023-05-29 00:00:00.000000000	33.6442	2023-05-29 00:00:00.000000000
707	2023-05-30 00:00:00.000000000	2024-05-28 00:00:00.000000000	33.6442	2024-05-28 00:00:00.000000000
707	2024-05-29 00:00:00.000000000		34.9900	2024-05-08 00:00:00.000000000
708	2022-05-30 00:00:00.000000000	2023-05-29 00:00:00.000000000	33.6442	2023-05-29 00:00:00.000000000
708	2023-05-30 00:00:00.000000000	2024-05-28 00:00:00.000000000	33.6442	2024-05-28 00:00:00.000000000
708	2024-05-29 00:00:00.000000000		34.9900	2024-05-08 00:00:00.000000000
709	2022-05-30 00:00:00.000000000	2023-05-29 00:00:00.000000000	9.5000	2023-05-29 00:00:00.000000000
710	2022-05-30 00:00:00.000000000	2023-05-29 00:00:00.000000000	9.5000	2023-05-29 00:00:00.000000000
711	2022-05-30 00:00:00.000000000	2023-05-29 00:00:00.000000000	33.6442	2023-05-29 00:00:00.000000000
711	2023-05-30 00:00:00.000000000	2024-05-28 00:00:00.000000000	33.6442	2024-05-28 00:00:00.000000000
711	2024-05-29 00:00:00.000000000		34.9900	2024-05-08 00:00:00.000000000
712	2022-05-30 00:00:00.000000000	2023-05-29 00:00:00.000000000	8.6442	2023-05-29 00:00:00.000000000
712	2023-05-30 00:00:00.000000000	2024-05-28 00:00:00.000000000	8.6442	2024-05-28 00:00:00.000000000
712	2024-05-29 00:00:00.000000000		8.9900	2024-05-08 00:00:00.000000000
713	2022-05-30 00:00:00.000000000	2023-05-29 00:00:00.000000000	48.0673	2023-05-29 00:00:00.000000000
713	2023-05-30 00:00:00.000000000	2024-05-28 00:00:00.000000000	48.0673	2024-05-28 00:00:00.000000000
713	2024-05-29 00:00:00.000000000		49.9900	2024-05-08 00:00:00.000000000
714	2022-05-30 00:00:00.000000000	2023-05-29 00:00:00.000000000	48.0673	2023-05-29 00:00:00.000000000
714	2023-05-30 00:00:00.000000000	2024-05-28 00:00:00.000000000	48.0673	2024-05-28 00:00:00.000000000
714	2024-05-29 00:00:00.000000000		49.9900	2024-05-08 00:00:00.000000000
715	2022-05-30 00:00:00.000000000	2023-05-29 00:00:00.000000000	48.0673	2023-05-29 00:00:00.000000000
715	2023-05-30 00:00:00.000000000	2024-05-28 00:00:00.000000000	48.0673	2024-05-28 00:00:00.000000000
715	2024-05-29 00:00:00.000000000		49.9900	2024-05-08 00:00:00.000000000
716	2022-05-30 00:00:00.000000000	2023-05-29 00:00:00.000000000	48.0673	2023-05-29 00:00:00.000000000
716	2023-05-30 00:00:00.000000000	2024-05-28 00:00:00.000000000	48.0673	2024-05-28 00:00:00.000000000
716	2024-05-29 00:00:00.000000000		49.9900	2024-05-08 00:00:00.000000000
717	2022-05-30 00:00:00.000000000	2023-05-29 00:00:00.000000000	1263.4598	2023-05-29 00:00:00.000000000
717	2023-05-30 00:00:00.000000000	2024-05-28 00:00:00.000000000	1301.3636	2024-05-28 00:00:00.000000000
717	2024-05-29 00:00:00.000000000		1431.5000	2024-05-08 00:00:00.000000000
718	2022-05-30 00:00:00.000000000	2023-05-29 00:00:00.000000000	1263.4598	2023-05-29 00:00:00.000000000
718	2023-05-30 00:00:00.000000000	2024-05-28 00:00:00.000000000	1301.3636	2024-05-28 00:00:00.000000000
718	2024-05-29 00:00:00.000000000		1431.5000	2024-05-08 00:00:00.000000000
719	2022-05-30 00:00:00.000000000	2023-05-29 00:00:00.000000000	1263.4598	2023-05-29 00:00:00.000000000
719	2023-05-30 00:00:00.000000000	2024-05-28 00:00:00.000000000	1301.3636	2024-05-28 00:00:00.000000000
719	2024-05-29 00:00:00.000000000		1431.5000	2024-05-08 00:00:00.000000000
720	2022-05-30 00:00:00.000000000	2023-05-29 00:00:00.000000000	1263.4598	2023-05-29 00:00:00.000000000
720	2023-05-30 00:00:00.000000000	2024-05-28 00:00:00.000000000	1301.3636	2024-05-28 00:00:00.000000000
720	2024-05-29 00:00:00.000000000		1431.5000	2024-05-08 00:00:00.000000000
721	2022-05-30 00:00:00.000000000	2023-05-29 00:00:00.000000000	1263.4598	2023-05-29 00:00:00.000000000
721	2023-05-30 00:00:00.000000000	2024-05-28 00:00:00.000000000	1301.3636	2024-05-28 00:00:00.000000000
721	2024-05-29 00:00:00.000000000		1431.5000	2024-05-08 00:00:00.000000000
722	2022-05-30 00:00:00.000000000	2023-05-29 00:00:00.000000000	297.6346	2023-05-29 00:00:00.000000000
722	2023-05-30 00:00:00.000000000	2024-05-28 00:00:00.000000000	306.5636	2024-05-28 00:00:00.000000000
722	2024-05-29 00:00:00.000000000		337.2200	2024-05-08 00:00:00.000000000
723	2022-05-30 00:00:00.000000000	2023-05-29 00:00:00.000000000	297.6346	2023-05-29 00:00:00.000000000
723	2023-05-30 00:00:00.000000000	2024-05-28 00:00:00.000000000	306.5636	2024-05-28 00:00:00.000000000
723	2024-05-29 00:00:00.000000000		337.2200	2024-05-08 00:00:00.000000000
724	2022-05-30 00:00:00.000000000	2023-05-29 00:00:00.000000000	297.6346	2023-05-29 00:00:00.000000000
724	2023-05-30 00:00:00.000000000	2024-05-28 00:00:00.000000000	306.5636	2024-05-28 00:00:00.000000000
724	2024-05-29 00:00:00.000000000		337.2200	2024-05-08 00:00:00.000000000
725	2022-05-30 00:00:00.000000000	2023-05-29 00:00:00.000000000	306.5636	2023-05-29 00:00:00.000000000
725	2023-05-30 00:00:00.000000000	2024-05-28 00:00:00.000000000	337.2200	2024-05-28 00:00:00.000000000
726	2022-05-30 00:00:00.000000000	2023-05-29 00:00:00.000000000	306.5636	2023-05-29 00:00:00.000000000
726	2023-05-30 00:00:00.000000000	2024-05-28 00:00:00.000000000	337.2200	2024-05-28 00:00:00.000000000
727	2022-05-30 00:00:00.000000000	2023-05-29 00:00:00.000000000	306.5636	2023-05-29 00:00:00.000000000
727	2023-05-30 00:00:00.000000000	2024-05-28 00:00:00.000000000	337.2200	2024-05-28 00:00:00.000000000
728	2022-05-30 00:00:00.000000000	2023-05-29 00:00:00.000000000	306.5636	2023-05-29 00:00:00.000000000
728	2023-05-30 00:00:00.000000000	2024-05-28 00:00:00.000000000	337.2200	2024-05-28 00:00:00.000000000
729	2022-05-30 00:00:00.000000000	2023-05-29 00:00:00.000000000	306.5636	2023-05-29 00:00:00.000000000
729	2023-05-30 00:00:00.000000000	2024-05-28 00:00:00.000000000	337.2200	2024-05-28 00:00:00.000000000
730	2022-05-30 00:00:00.000000000	2023-05-29 00:00:00.000000000	306.5636	2023-05-29 00:00:00.000000000
730	2023-05-30 00:00:00.000000000	2024-05-28 00:00:00.000000000	337.2200	2024-05-28 00:00:00.000000000
731	2022-05-30 00:00:00.000000000	2023-05-29 00:00:00.000000000	594.8300	2023-05-29 00:00:00.000000000
732	2022-05-30 00:00:00.000000000	2023-05-29 00:00:00.000000000	594.8300	2023-05-29 00:00:00.000000000
733	2022-05-30 00:00:00.000000000	2023-05-29 00:00:00.000000000	594.8300	2023-05-29 00:00:00.000000000
734	2022-05-30 00:00:00.000000000	2023-05-29 00:00:00.000000000	594.8300	2023-05-29 00:00:00.000000000
735	2022-05-30 00:00:00.000000000	2023-05-29 00:00:00.000000000	594.8300	2023-05-29 00:00:00.000000000
736	2022-05-30 00:00:00.000000000	2023-05-29 00:00:00.000000000	297.6346	2023-05-29 00:00:00.000000000
736	2023-05-30 00:00:00.000000000	2024-05-28 00:00:00.000000000	306.5636	2024-05-28 00:00:00.000000000
736	2024-05-29 00:00:00.000000000		337.2200	2024-05-08 00:00:00.000000000
737	2022-05-30 00:00:00.000000000	2023-05-29 00:00:00.000000000	297.6346	2023-05-29 00:00:00.000000000
737	2023-05-30 00:00:00.000000000	2024-05-28 00:00:00.000000000	306.5636	2024-05-28 00:00:00.000000000
737	2024-05-29 00:00:00.000000000		337.2200	2024-05-08 00:00:00.000000000
738	2022-05-30 00:00:00.000000000	2023-05-29 00:00:00.000000000	297.6346	2023-05-29 00:00:00.000000000
738	2023-05-30 00:00:00.000000000	2024-05-28 00:00:00.000000000	306.5636	2024-05-28 00:00:00.000000000
738	2024-05-29 00:00:00.000000000		337.2200	2024-05-08 00:00:00.000000000
739	2022-05-30 00:00:00.000000000	2023-05-29 00:00:00.000000000	1204.3248	2023-05-29 00:00:00.000000000
739	2023-05-30 00:00:00.000000000	2024-05-28 00:00:00.000000000	1240.4545	2024-05-28 00:00:00.000000000
739	2024-05-29 00:00:00.000000000		1364.5000	2024-05-08 00:00:00.000000000
740	2022-05-30 00:00:00.000000000	2023-05-29 00:00:00.000000000	1364.5000	2023-05-29 00:00:00.000000000
741	2022-05-30 00:00:00.000000000	2023-05-29 00:00:00.000000000	1364.5000	2023-05-29 00:00:00.000000000
742	2022-05-30 00:00:00.000000000	2023-05-29 00:00:00.000000000	1204.3248	2023-05-29 00:00:00.000000000
742	2023-05-30 00:00:00.000000000	2024-05-28 00:00:00.000000000	1240.4545	2024-05-28 00:00:00.000000000
742	2024-05-29 00:00:00.000000000		1364.5000	2024-05-08 00:00:00.000000000
743	2022-05-30 00:00:00.000000000	2023-05-29 00:00:00.000000000	1191.1739	2023-05-29 00:00:00.000000000
743	2023-05-30 00:00:00.000000000	2024-05-28 00:00:00.000000000	1226.9091	2024-05-28 00:00:00.000000000
743	2024-05-29 00:00:00.000000000		1349.6000	2024-05-08 00:00:00.000000000
744	2022-05-30 00:00:00.000000000	2023-05-29 00:00:00.000000000	1349.6000	2023-05-29 00:00:00.000000000
745	2022-05-30 00:00:00.000000000	2023-05-29 00:00:00.000000000	1349.6000	2023-05-29 00:00:00.000000000
746	2022-05-30 00:00:00.000000000	2023-05-29 00:00:00.000000000	1191.1739	2023-05-29 00:00:00.000000000
746	2023-05-30 00:00:00.000000000	2024-05-28 00:00:00.000000000	1226.9091	2024-05-28 00:00:00.000000000
746	2024-05-29 00:00:00.000000000		1349.6000	2024-05-08 00:00:00.000000000
747	2022-05-30 00:00:00.000000000	2023-05-29 00:00:00.000000000	1191.1739	2023-05-29 00:00:00.000000000
747	2023-05-30 00:00:00.000000000	2024-05-28 00:00:00.000000000	1226.9091	2024-05-28 00:00:00.000000000
747	2024-05-29 00:00:00.000000000		1349.6000	2024-05-08 00:00:00.000000000
748	2022-05-30 00:00:00.000000000	2023-05-29 00:00:00.000000000	1204.3248	2023-05-29 00:00:00.000000000
748	2023-05-30 00:00:00.000000000	2024-05-28 00:00:00.000000000	1240.4545	2024-05-28 00:00:00.000000000
748	2024-05-29 00:00:00.000000000		1364.5000	2024-05-08 00:00:00.000000000
749	2022-05-30 00:00:00.000000000	2023-05-29 00:00:00.000000000	3578.2700	2023-05-29 00:00:00.000000000
750	2022-05-30 00:00:00.000000000	2023-05-29 00:00:00.000000000	3578.2700	2023-05-29 00:00:00.000000000
751	2022-05-30 00:00:00.000000000	2023-05-29 00:00:00.000000000	3578.2700	2023-05-29 00:00:00.000000000
752	2022-05-30 00:00:00.000000000	2023-05-29 00:00:00.000000000	3578.2700	2023-05-29 00:00:00.000000000
753	2022-05-30 00:00:00.000000000	2023-05-29 00:00:00.000000000	3578.2700	2023-05-29 00:00:00.000000000
754	2022-05-30 00:00:00.000000000	2023-05-29 00:00:00.000000000	1457.9900	2023-05-29 00:00:00.000000000
755	2022-05-30 00:00:00.000000000	2023-05-29 00:00:00.000000000	1457.9900	2023-05-29 00:00:00.000000000
756	2022-05-30 00:00:00.000000000	2023-05-29 00:00:00.000000000	1457.9900	2023-05-29 00:00:00.000000000
757	2022-05-30 00:00:00.000000000	2023-05-29 00:00:00.000000000	1457.9900	2023-05-29 00:00:00.000000000
758	2022-05-30 00:00:00.000000000	2023-05-29 00:00:00.000000000	1457.9900	2023-05-29 00:00:00.000000000
759	2022-05-30 00:00:00.000000000	2023-05-29 00:00:00.000000000	699.0982	2023-05-29 00:00:00.000000000
759	2023-05-30 00:00:00.000000000	2024-05-28 00:00:00.000000000	782.9900	2024-05-28 00:00:00.000000000
760	2022-05-30 00:00:00.000000000	2023-05-29 00:00:00.000000000	699.0982	2023-05-29 00:00:00.000000000
760	2023-05-30 00:00:00.000000000	2024-05-28 00:00:00.000000000	782.9900	2024-05-28 00:00:00.000000000
761	2022-05-30 00:00:00.000000000	2023-05-29 00:00:00.000000000	699.0982	2023-05-29 00:00:00.000000000
761	2023-05-30 00:00:00.000000000	2024-05-28 00:00:00.000000000	782.9900	2024-05-28 00:00:00.000000000
762	2022-05-30 00:00:00.000000000	2023-05-29 00:00:00.000000000	699.0982	2023-05-29 00:00:00.000000000
762	2023-05-30 00:00:00.000000000	2024-05-28 00:00:00.000000000	782.9900	2024-05-28 00:00:00.000000000
763	2022-05-30 00:00:00.000000000	2023-05-29 00:00:00.000000000	699.0982	2023-05-29 00:00:00.000000000
763	2023-05-30 00:00:00.000000000	2024-05-28 00:00:00.000000000	782.9900	2024-05-28 00:00:00.000000000
764	2022-05-30 00:00:00.000000000	2023-05-29 00:00:00.000000000	699.0982	2023-05-29 00:00:00.000000000
764	2023-05-30 00:00:00.000000000	2024-05-28 00:00:00.000000000	782.9900	2024-05-28 00:00:00.000000000
765	2022-05-30 00:00:00.000000000	2023-05-29 00:00:00.000000000	699.0982	2023-05-29 00:00:00.000000000
765	2023-05-30 00:00:00.000000000	2024-05-28 00:00:00.000000000	782.9900	2024-05-28 00:00:00.000000000
766	2022-05-30 00:00:00.000000000	2023-05-29 00:00:00.000000000	699.0982	2023-05-29 00:00:00.000000000
766	2023-05-30 00:00:00.000000000	2024-05-28 00:00:00.000000000	782.9900	2024-05-28 00:00:00.000000000
767	2022-05-30 00:00:00.000000000	2023-05-29 00:00:00.000000000	699.0982	2023-05-29 00:00:00.000000000
767	2023-05-30 00:00:00.000000000	2024-05-28 00:00:00.000000000	782.9900	2024-05-28 00:00:00.000000000
768	2022-05-30 00:00:00.000000000	2023-05-29 00:00:00.000000000	699.0982	2023-05-29 00:00:00.000000000
768	2023-05-30 00:00:00.000000000	2024-05-28 00:00:00.000000000	782.9900	2024-05-28 00:00:00.000000000
769	2022-05-30 00:00:00.000000000	2023-05-29 00:00:00.000000000	699.0982	2023-05-29 00:00:00.000000000
769	2023-05-30 00:00:00.000000000	2024-05-28 00:00:00.000000000	782.9900	2024-05-28 00:00:00.000000000
770	2022-05-30 00:00:00.000000000	2023-05-29 00:00:00.000000000	699.0982	2023-05-29 00:00:00.000000000
770	2023-05-30 00:00:00.000000000	2024-05-28 00:00:00.000000000	782.9900	2024-05-28 00:00:00.000000000
771	2022-05-30 00:00:00.000000000	2023-05-29 00:00:00.000000000	3399.9900	2023-05-29 00:00:00.000000000
772	2022-05-30 00:00:00.000000000	2023-05-29 00:00:00.000000000	3399.9900	2023-05-29 00:00:00.000000000
773	2022-05-30 00:00:00.000000000	2023-05-29 00:00:00.000000000	3399.9900	2023-05-29 00:00:00.000000000
774	2022-05-30 00:00:00.000000000	2023-05-29 00:00:00.000000000	3399.9900	2023-05-29 00:00:00.000000000
775	2022-05-30 00:00:00.000000000	2023-05-29 00:00:00.000000000	3374.9900	2023-05-29 00:00:00.000000000
776	2022-05-30 00:00:00.000000000	2023-05-29 00:00:00.000000000	3374.9900	2023-05-29 00:00:00.000000000
777	2022-05-30 00:00:00.000000000	2023-05-29 00:00:00.000000000	3374.9900	2023-05-29 00:00:00.000000000
778	2022-05-30 00:00:00.000000000	2023-05-29 00:00:00.000000000	3374.9900	2023-05-29 00:00:00.000000000
779	2023-05-30 00:00:00.000000000	2024-05-28 00:00:00.000000000	2071.4196	2024-05-28 00:00:00.000000000
779	2024-05-29 00:00:00.000000000		2319.9900	2024-05-08 00:00:00.000000000
780	2023-05-30 00:00:00.000000000	2024-05-28 00:00:00.000000000	2071.4196	2024-05-28 00:00:00.000000000
780	2024-05-29 00:00:00.000000000		2319.9900	2024-05-08 00:00:00.000000000
781	2023-05-30 00:00:00.000000000	2024-05-28 00:00:00.000000000	2071.4196	2024-05-28 00:00:00.000000000
781	2024-05-29 00:00:00.000000000		2319.9900	2024-05-08 00:00:00.000000000
782	2023-05-30 00:00:00.000000000	2024-05-28 00:00:00.000000000	2049.0982	2024-05-28 00:00:00.000000000
782	2024-05-29 00:00:00.000000000		2294.9900	2024-05-08 00:00:00.000000000
783	2023-05-30 00:00:00.000000000	2024-05-28 00:00:00.000000000	2049.0982	2024-05-28 00:00:00.000000000
783	2024-05-29 00:00:00.000000000		2294.9900	2024-05-08 00:00:00.000000000
784	2023-05-30 00:00:00.000000000	2024-05-28 00:00:00.000000000	2049.0982	2024-05-28 00:00:00.000000000
784	2024-05-29 00:00:00.000000000		2294.9900	2024-05-08 00:00:00.000000000
785	2023-05-30 00:00:00.000000000	2024-05-28 00:00:00.000000000	1079.9900	2024-05-28 00:00:00.000000000
786	2023-05-30 00:00:00.000000000	2024-05-28 00:00:00.000000000	1079.9900	2024-05-28 00:00:00.000000000
787	2023-05-30 00:00:00.000000000	2024-05-28 00:00:00.000000000	1079.9900	2024-05-28 00:00:00.000000000
788	2023-05-30 00:00:00.000000000	2024-05-28 00:00:00.000000000	1079.9900	2024-05-28 00:00:00.000000000
789	2023-05-30 00:00:00.000000000	2024-05-28 00:00:00.000000000	2443.3500	2024-05-28 00:00:00.000000000
790	2023-05-30 00:00:00.000000000	2024-05-28 00:00:00.000000000	2443.3500	2024-05-28 00:00:00.000000000
791	2023-05-30 00:00:00.000000000	2024-05-28 00:00:00.000000000	2443.3500	2024-05-28 00:00:00.000000000
792	2023-05-30 00:00:00.000000000	2024-05-28 00:00:00.000000000	2181.5625	2024-05-28 00:00:00.000000000
792	2024-05-29 00:00:00.000000000		2443.3500	2024-05-08 00:00:00.000000000
793	2023-05-30 00:00:00.000000000	2024-05-28 00:00:00.000000000	2181.5625	2024-05-28 00:00:00.000000000
793	2024-05-29 00:00:00.000000000		2443.3500	2024-05-08 00:00:00.000000000
794	2023-05-30 00:00:00.000000000	2024-05-28 00:00:00.000000000	2181.5625	2024-05-28 00:00:00.000000000
794	2024-05-29 00:00:00.000000000		2443.3500	2024-05-08 00:00:00.000000000
795	2023-05-30 00:00:00.000000000	2024-05-28 00:00:00.000000000	2181.5625	2024-05-28 00:00:00.000000000
795	2024-05-29 00:00:00.000000000		2443.3500	2024-05-08 00:00:00.000000000
796	2023-05-30 00:00:00.000000000	2024-05-28 00:00:00.000000000	2181.5625	2024-05-28 00:00:00.000000000
796	2024-05-29 00:00:00.000000000		2443.3500	2024-05-08 00:00:00.000000000
797	2023-05-30 00:00:00.000000000	2024-05-28 00:00:00.000000000	1000.4375	2024-05-28 00:00:00.000000000
797	2024-05-29 00:00:00.000000000		1120.4900	2024-05-08 00:00:00.000000000
798	2023-05-30 00:00:00.000000000	2024-05-28 00:00:00.000000000	1000.4375	2024-05-28 00:00:00.000000000
798	2024-05-29 00:00:00.000000000		1120.4900	2024-05-08 00:00:00.000000000
799	2023-05-30 00:00:00.000000000	2024-05-28 00:00:00.000000000	1000.4375	2024-05-28 00:00:00.000000000
799	2024-05-29 00:00:00.000000000		1120.4900	2024-05-08 00:00:00.000000000
800	2023-05-30 00:00:00.000000000	2024-05-28 00:00:00.000000000	1000.4375	2024-05-28 00:00:00.000000000
800	2024-05-29 00:00:00.000000000		1120.4900	2024-05-08 00:00:00.000000000
801	2023-05-30 00:00:00.000000000	2024-05-28 00:00:00.000000000	1000.4375	2024-05-28 00:00:00.000000000
801	2024-05-29 00:00:00.000000000		1120.4900	2024-05-08 00:00:00.000000000
802	2023-05-30 00:00:00.000000000	2024-05-28 00:00:00.000000000	148.2200	2024-05-28 00:00:00.000000000
803	2023-05-30 00:00:00.000000000	2024-05-28 00:00:00.000000000	175.4900	2024-05-28 00:00:00.000000000
804	2023-05-30 00:00:00.000000000	2024-05-28 00:00:00.000000000	229.4900	2024-05-28 00:00:00.000000000
805	2023-05-30 00:00:00.000000000	2024-05-28 00:00:00.000000000	34.2000	2024-05-28 00:00:00.000000000
806	2023-05-30 00:00:00.000000000	2024-05-28 00:00:00.000000000	102.2900	2024-05-28 00:00:00.000000000
807	2023-05-30 00:00:00.000000000	2024-05-28 00:00:00.000000000	124.7300	2024-05-28 00:00:00.000000000
808	2023-05-30 00:00:00.000000000	2024-05-28 00:00:00.000000000	40.4909	2024-05-28 00:00:00.000000000
808	2024-05-29 00:00:00.000000000		44.5400	2024-05-08 00:00:00.000000000
809	2023-05-30 00:00:00.000000000	2024-05-28 00:00:00.000000000	56.2909	2024-05-28 00:00:00.000000000
809	2024-05-29 00:00:00.000000000		61.9200	2024-05-08 00:00:00.000000000
810	2023-05-30 00:00:00.000000000	2024-05-28 00:00:00.000000000	109.3364	2024-05-28 00:00:00.000000000
810	2024-05-29 00:00:00.000000000		120.2700	2024-05-08 00:00:00.000000000
811	2023-05-30 00:00:00.000000000	2024-05-28 00:00:00.000000000	40.4909	2024-05-28 00:00:00.000000000
811	2024-05-29 00:00:00.000000000		44.5400	2024-05-08 00:00:00.000000000
812	2023-05-30 00:00:00.000000000	2024-05-28 00:00:00.000000000	56.2909	2024-05-28 00:00:00.000000000
812	2024-05-29 00:00:00.000000000		61.9200	2024-05-08 00:00:00.000000000
813	2023-05-30 00:00:00.000000000	2024-05-28 00:00:00.000000000	109.3364	2024-05-28 00:00:00.000000000
813	2024-05-29 00:00:00.000000000		120.2700	2024-05-08 00:00:00.000000000
814	2023-05-30 00:00:00.000000000	2024-05-28 00:00:00.000000000	348.7600	2024-05-28 00:00:00.000000000
815	2023-05-30 00:00:00.000000000	2024-05-28 00:00:00.000000000	60.7450	2024-05-28 00:00:00.000000000
816	2023-05-30 00:00:00.000000000	2024-05-28 00:00:00.000000000	209.0250	2024-05-28 00:00:00.000000000
817	2023-05-30 00:00:00.000000000	2024-05-28 00:00:00.000000000	300.2150	2024-05-28 00:00:00.000000000
818	2023-05-30 00:00:00.000000000	2024-05-28 00:00:00.000000000	85.5650	2024-05-28 00:00:00.000000000
819	2023-05-30 00:00:00.000000000	2024-05-28 00:00:00.000000000	248.3850	2024-05-28 00:00:00.000000000
820	2023-05-30 00:00:00.000000000	2024-05-28 00:00:00.000000000	330.0600	2024-05-28 00:00:00.000000000
821	2023-05-30 00:00:00.000000000	2024-05-28 00:00:00.000000000	218.0100	2024-05-28 00:00:00.000000000
822	2023-05-30 00:00:00.000000000	2024-05-28 00:00:00.000000000	540.7545	2024-05-28 00:00:00.000000000
822	2024-05-29 00:00:00.000000000		594.8300	2024-05-08 00:00:00.000000000
823	2023-05-30 00:00:00.000000000	2024-05-28 00:00:00.000000000	87.7450	2024-05-28 00:00:00.000000000
824	2023-05-30 00:00:00.000000000	2024-05-28 00:00:00.000000000	236.0250	2024-05-28 00:00:00.000000000
825	2023-05-30 00:00:00.000000000	2024-05-28 00:00:00.000000000	327.2150	2024-05-28 00:00:00.000000000
826	2023-05-30 00:00:00.000000000	2024-05-28 00:00:00.000000000	112.5650	2024-05-28 00:00:00.000000000
827	2023-05-30 00:00:00.000000000	2024-05-28 00:00:00.000000000	275.3850	2024-05-28 00:00:00.000000000
828	2023-05-30 00:00:00.000000000	2024-05-28 00:00:00.000000000	357.0600	2024-05-28 00:00:00.000000000
829	2023-05-30 00:00:00.000000000	2024-05-28 00:00:00.000000000	245.0100	2024-05-28 00:00:00.000000000
830	2023-05-30 00:00:00.000000000	2024-05-28 00:00:00.000000000	348.7600	2024-05-28 00:00:00.000000000
831	2023-05-30 00:00:00.000000000	2024-05-28 00:00:00.000000000	348.7600	2024-05-28 00:00:00.000000000
832	2023-05-30 00:00:00.000000000	2024-05-28 00:00:00.000000000	348.7600	2024-05-28 00:00:00.000000000
833	2023-05-30 00:00:00.000000000	2024-05-28 00:00:00.000000000	540.7545	2024-05-28 00:00:00.000000000
833	2024-05-29 00:00:00.000000000		594.8300	2024-05-08 00:00:00.000000000
834	2023-05-30 00:00:00.000000000	2024-05-28 00:00:00.000000000	540.7545	2024-05-28 00:00:00.000000000
834	2024-05-29 00:00:00.000000000		594.8300	2024-05-08 00:00:00.000000000
835	2023-05-30 00:00:00.000000000	2024-05-28 00:00:00.000000000	540.7545	2024-05-28 00:00:00.000000000
835	2024-05-29 00:00:00.000000000		594.8300	2024-05-08 00:00:00.000000000
836	2023-05-30 00:00:00.000000000	2024-05-28 00:00:00.000000000	540.7545	2024-05-28 00:00:00.000000000
836	2024-05-29 00:00:00.000000000		594.8300	2024-05-08 00:00:00.000000000
837	2023-05-30 00:00:00.000000000	2024-05-28 00:00:00.000000000	1301.3636	2024-05-28 00:00:00.000000000
837	2024-05-29 00:00:00.000000000		1431.5000	2024-05-08 00:00:00.000000000
838	2023-05-30 00:00:00.000000000	2024-05-28 00:00:00.000000000	1301.3636	2024-05-28 00:00:00.000000000
838	2024-05-29 00:00:00.000000000		1431.5000	2024-05-08 00:00:00.000000000
839	2023-05-30 00:00:00.000000000	2024-05-28 00:00:00.000000000	1301.3636	2024-05-28 00:00:00.000000000
839	2024-05-29 00:00:00.000000000		1431.5000	2024-05-08 00:00:00.000000000
840	2023-05-30 00:00:00.000000000	2024-05-28 00:00:00.000000000	1301.3636	2024-05-28 00:00:00.000000000
840	2024-05-29 00:00:00.000000000		1431.5000	2024-05-08 00:00:00.000000000
841	2023-05-30 00:00:00.000000000	2024-05-28 00:00:00.000000000	59.9900	2024-05-28 00:00:00.000000000
842	2023-05-30 00:00:00.000000000	2024-05-28 00:00:00.000000000	125.0000	2024-05-28 00:00:00.000000000
843	2023-05-30 00:00:00.000000000	2024-05-28 00:00:00.000000000	25.0000	2024-05-28 00:00:00.000000000
844	2023-05-30 00:00:00.000000000	2024-05-28 00:00:00.000000000	19.9900	2024-05-28 00:00:00.000000000
845	2023-05-30 00:00:00.000000000	2024-05-28 00:00:00.000000000	24.9900	2024-05-28 00:00:00.000000000
846	2023-05-30 00:00:00.000000000	2024-05-28 00:00:00.000000000	13.9900	2024-05-28 00:00:00.000000000
847	2023-05-30 00:00:00.000000000	2024-05-28 00:00:00.000000000	34.9900	2024-05-28 00:00:00.000000000
848	2023-05-30 00:00:00.000000000	2024-05-28 00:00:00.000000000	44.9900	2024-05-28 00:00:00.000000000
849	2023-05-30 00:00:00.000000000	2024-05-28 00:00:00.000000000	59.9900	2024-05-28 00:00:00.000000000
850	2023-05-30 00:00:00.000000000	2024-05-28 00:00:00.000000000	59.9900	2024-05-28 00:00:00.000000000
851	2023-05-30 00:00:00.000000000	2024-05-28 00:00:00.000000000	59.9900	2024-05-28 00:00:00.000000000
852	2023-05-30 00:00:00.000000000	2024-05-28 00:00:00.000000000	74.9900	2024-05-28 00:00:00.000000000
853	2023-05-30 00:00:00.000000000	2024-05-28 00:00:00.000000000	74.9900	2024-05-28 00:00:00.000000000
854	2023-05-30 00:00:00.000000000	2024-05-28 00:00:00.000000000	74.9900	2024-05-28 00:00:00.000000000
855	2023-05-30 00:00:00.000000000	2024-05-28 00:00:00.000000000	89.9900	2024-05-28 00:00:00.000000000
856	2023-05-30 00:00:00.000000000	2024-05-28 00:00:00.000000000	89.9900	2024-05-28 00:00:00.000000000
857	2023-05-30 00:00:00.000000000	2024-05-28 00:00:00.000000000	89.9900	2024-05-28 00:00:00.000000000
858	2023-05-30 00:00:00.000000000	2024-05-28 00:00:00.000000000	23.5481	2024-05-28 00:00:00.000000000
858	2024-05-29 00:00:00.000000000		24.4900	2024-05-08 00:00:00.000000000
859	2023-05-30 00:00:00.000000000	2024-05-28 00:00:00.000000000	23.5481	2024-05-28 00:00:00.000000000
859	2024-05-29 00:00:00.000000000		24.4900	2024-05-08 00:00:00.000000000
860	2023-05-30 00:00:00.000000000	2024-05-28 00:00:00.000000000	23.5481	2024-05-28 00:00:00.000000000
860	2024-05-29 00:00:00.000000000		24.4900	2024-05-08 00:00:00.000000000
861	2023-05-30 00:00:00.000000000	2024-05-28 00:00:00.000000000	37.9900	2024-05-28 00:00:00.000000000
862	2023-05-30 00:00:00.000000000	2024-05-28 00:00:00.000000000	37.9900	2024-05-28 00:00:00.000000000
863	2023-05-30 00:00:00.000000000	2024-05-28 00:00:00.000000000	37.9900	2024-05-28 00:00:00.000000000
864	2024-05-29 00:00:00.000000000		63.5000	2024-05-08 00:00:00.000000000
865	2024-05-29 00:00:00.000000000		63.5000	2024-05-08 00:00:00.000000000
866	2024-05-29 00:00:00.000000000		63.5000	2024-05-08 00:00:00.000000000
867	2024-05-29 00:00:00.000000000		69.9900	2024-05-08 00:00:00.000000000
868	2024-05-29 00:00:00.000000000		69.9900	2024-05-08 00:00:00.000000000
869	2024-05-29 00:00:00.000000000		69.9900	2024-05-08 00:00:00.000000000
870	2024-05-29 00:00:00.000000000		4.9900	2024-05-08 00:00:00.000000000
871	2024-05-29 00:00:00.000000000		9.9900	2024-05-08 00:00:00.000000000
872	2024-05-29 00:00:00.000000000		8.9900	2024-05-08 00:00:00.000000000
873	2024-05-29 00:00:00.000000000		2.2900	2024-05-08 00:00:00.000000000
874	2024-05-29 00:00:00.000000000		8.9900	2024-05-08 00:00:00.000000000
875	2024-05-29 00:00:00.000000000		8.9900	2024-05-08 00:00:00.000000000
876	2024-05-29 00:00:00.000000000		120.0000	2024-05-08 00:00:00.000000000
877	2024-05-29 00:00:00.000000000		7.9500	2024-05-08 00:00:00.000000000
878	2024-05-29 00:00:00.000000000		21.9800	2024-05-08 00:00:00.000000000
879	2024-05-29 00:00:00.000000000		159.0000	2024-05-08 00:00:00.000000000
880	2024-05-29 00:00:00.000000000		54.9900	2024-05-08 00:00:00.000000000
881	2024-05-29 00:00:00.000000000		53.9900	2024-05-08 00:00:00.000000000
882	2024-05-29 00:00:00.000000000		53.9900	2024-05-08 00:00:00.000000000
883	2024-05-29 00:00:00.000000000		53.9900	2024-05-08 00:00:00.000000000
884	2024-05-29 00:00:00.000000000		53.9900	2024-05-08 00:00:00.000000000
885	2024-05-29 00:00:00.000000000		1003.9100	2024-05-08 00:00:00.000000000
886	2024-05-29 00:00:00.000000000		333.4200	2024-05-08 00:00:00.000000000
887	2024-05-29 00:00:00.000000000		1003.9100	2024-05-08 00:00:00.000000000
888	2024-05-29 00:00:00.000000000		1003.9100	2024-05-08 00:00:00.000000000
889	2024-05-29 00:00:00.000000000		1003.9100	2024-05-08 00:00:00.000000000
890	2024-05-29 00:00:00.000000000		1003.9100	2024-05-08 00:00:00.000000000
891	2024-05-29 00:00:00.000000000		1003.9100	2024-05-08 00:00:00.000000000
892	2024-05-29 00:00:00.000000000		1003.9100	2024-05-08 00:00:00.000000000
893	2024-05-29 00:00:00.000000000		1003.9100	2024-05-08 00:00:00.000000000
894	2024-05-29 00:00:00.000000000		121.4600	2024-05-08 00:00:00.000000000
895	2024-05-29 00:00:00.000000000		333.4200	2024-05-08 00:00:00.000000000
896	2024-05-29 00:00:00.000000000		333.4200	2024-05-08 00:00:00.000000000
897	2024-05-29 00:00:00.000000000		333.4200	2024-05-08 00:00:00.000000000
898	2024-05-29 00:00:00.000000000		333.4200	2024-05-08 00:00:00.000000000
899	2024-05-29 00:00:00.000000000		333.4200	2024-05-08 00:00:00.000000000
900	2024-05-29 00:00:00.000000000		333.4200	2024-05-08 00:00:00.000000000
901	2024-05-29 00:00:00.000000000		333.4200	2024-05-08 00:00:00.000000000
902	2024-05-29 00:00:00.000000000		333.4200	2024-05-08 00:00:00.000000000
903	2024-05-29 00:00:00.000000000		333.4200	2024-05-08 00:00:00.000000000
904	2024-05-29 00:00:00.000000000		364.0900	2024-05-08 00:00:00.000000000
905	2024-05-29 00:00:00.000000000		364.0900	2024-05-08 00:00:00.000000000
906	2024-05-29 00:00:00.000000000		364.0900	2024-05-08 00:00:00.000000000
907	2024-05-29 00:00:00.000000000		106.5000	2024-05-08 00:00:00.000000000
908	2024-05-29 00:00:00.000000000		27.1200	2024-05-08 00:00:00.000000000
909	2024-05-29 00:00:00.000000000		39.1400	2024-05-08 00:00:00.000000000
910	2024-05-29 00:00:00.000000000		52.6400	2024-05-08 00:00:00.000000000
911	2024-05-29 00:00:00.000000000		27.1200	2024-05-08 00:00:00.000000000
912	2024-05-29 00:00:00.000000000		39.1400	2024-05-08 00:00:00.000000000
913	2024-05-29 00:00:00.000000000		52.6400	2024-05-08 00:00:00.000000000
914	2024-05-29 00:00:00.000000000		27.1200	2024-05-08 00:00:00.000000000
915	2024-05-29 00:00:00.000000000		39.1400	2024-05-08 00:00:00.000000000
916	2024-05-29 00:00:00.000000000		52.6400	2024-05-08 00:00:00.000000000
917	2024-05-29 00:00:00.000000000		264.0500	2024-05-08 00:00:00.000000000
918	2024-05-29 00:00:00.000000000		264.0500	2024-05-08 00:00:00.000000000
919	2024-05-29 00:00:00.000000000		264.0500	2024-05-08 00:00:00.000000000
920	2024-05-29 00:00:00.000000000		264.0500	2024-05-08 00:00:00.000000000
921	2024-05-29 00:00:00.000000000		4.9900	2024-05-08 00:00:00.000000000
922	2024-05-29 00:00:00.000000000		3.9900	2024-05-08 00:00:00.000000000
923	2024-05-29 00:00:00.000000000		4.9900	2024-05-08 00:00:00.000000000
924	2024-05-29 00:00:00.000000000		249.7900	2024-05-08 00:00:00.000000000
925	2024-05-29 00:00:00.000000000		249.7900	2024-05-08 00:00:00.000000000
926	2024-05-29 00:00:00.000000000		249.7900	2024-05-08 00:00:00.000000000
927	2024-05-29 00:00:00.000000000		249.7900	2024-05-08 00:00:00.000000000
928	2024-05-29 00:00:00.000000000		24.9900	2024-05-08 00:00:00.000000000
929	2024-05-29 00:00:00.000000000		29.9900	2024-05-08 00:00:00.000000000
930	2024-05-29 00:00:00.000000000		35.0000	2024-05-08 00:00:00.000000000
931	2024-05-29 00:00:00.000000000		21.4900	2024-05-08 00:00:00.000000000
932	2024-05-29 00:00:00.000000000		24.9900	2024-05-08 00:00:00.000000000
933	2024-05-29 00:00:00.000000000		32.6000	2024-05-08 00:00:00.000000000
934	2024-05-29 00:00:00.000000000		28.9900	2024-05-08 00:00:00.000000000
935	2024-05-29 00:00:00.000000000		40.4900	2024-05-08 00:00:00.000000000
936	2024-05-29 00:00:00.000000000		62.0900	2024-05-08 00:00:00.000000000
937	2024-05-29 00:00:00.000000000		80.9900	2024-05-08 00:00:00.000000000
938	2024-05-29 00:00:00.000000000		40.4900	2024-05-08 00:00:00.000000000
939	2024-05-29 00:00:00.000000000		62.0900	2024-05-08 00:00:00.000000000
940	2024-05-29 00:00:00.000000000		80.9900	2024-05-08 00:00:00.000000000
941	2024-05-29 00:00:00.000000000		80.9900	2024-05-08 00:00:00.000000000
942	2024-05-29 00:00:00.000000000		364.0900	2024-05-08 00:00:00.000000000
943	2024-05-29 00:00:00.000000000		249.7900	2024-05-08 00:00:00.000000000
944	2024-05-29 00:00:00.000000000		264.0500	2024-05-08 00:00:00.000000000
945	2024-05-29 00:00:00.000000000		91.4900	2024-05-08 00:00:00.000000000
946	2024-05-29 00:00:00.000000000		46.0900	2024-05-08 00:00:00.000000000
947	2024-05-29 00:00:00.000000000		91.5700	2024-05-08 00:00:00.000000000
948	2024-05-29 00:00:00.000000000		106.5000	2024-05-08 00:00:00.000000000
949	2024-05-29 00:00:00.000000000		175.4900	2024-05-08 00:00:00.000000000
950	2024-05-29 00:00:00.000000000		256.4900	2024-05-08 00:00:00.000000000
951	2024-05-29 00:00:00.000000000		404.9900	2024-05-08 00:00:00.000000000
952	2024-05-29 00:00:00.000000000		20.2400	2024-05-08 00:00:00.000000000
953	2024-05-29 00:00:00.000000000		1214.8500	2024-05-08 00:00:00.000000000
954	2024-05-29 00:00:00.000000000		2384.0700	2024-05-08 00:00:00.000000000
955	2024-05-29 00:00:00.000000000		2384.0700	2024-05-08 00:00:00.000000000
956	2024-05-29 00:00:00.000000000		2384.0700	2024-05-08 00:00:00.000000000
957	2024-05-29 00:00:00.000000000		2384.0700	2024-05-08 00:00:00.000000000
958	2024-05-29 00:00:00.000000000		742.3500	2024-05-08 00:00:00.000000000
959	2024-05-29 00:00:00.000000000		742.3500	2024-05-08 00:00:00.000000000
960	2024-05-29 00:00:00.000000000		742.3500	2024-05-08 00:00:00.000000000
961	2024-05-29 00:00:00.000000000		742.3500	2024-05-08 00:00:00.000000000
962	2024-05-29 00:00:00.000000000		742.3500	2024-05-08 00:00:00.000000000
963	2024-05-29 00:00:00.000000000		742.3500	2024-05-08 00:00:00.000000000
964	2024-05-29 00:00:00.000000000		742.3500	2024-05-08 00:00:00.000000000
965	2024-05-29 00:00:00.000000000		742.3500	2024-05-08 00:00:00.000000000
966	2024-05-29 00:00:00.000000000		2384.0700	2024-05-08 00:00:00.000000000
967	2024-05-29 00:00:00.000000000		2384.0700	2024-05-08 00:00:00.000000000
968	2024-05-29 00:00:00.000000000		2384.0700	2024-05-08 00:00:00.000000000
969	2024-05-29 00:00:00.000000000		2384.0700	2024-05-08 00:00:00.000000000
970	2024-05-29 00:00:00.000000000		1214.8500	2024-05-08 00:00:00.000000000
971	2024-05-29 00:00:00.000000000		1214.8500	2024-05-08 00:00:00.000000000
972	2024-05-29 00:00:00.000000000		1214.8500	2024-05-08 00:00:00.000000000
973	2024-05-29 00:00:00.000000000		1700.9900	2024-05-08 00:00:00.000000000
974	2024-05-29 00:00:00.000000000		1700.9900	2024-05-08 00:00:00.000000000
975	2024-05-29 00:00:00.000000000		1700.9900	2024-05-08 00:00:00.000000000
976	2024-05-29 00:00:00.000000000		1700.9900	2024-05-08 00:00:00.000000000
977	2024-05-29 00:00:00.000000000		539.9900	2024-05-08 00:00:00.000000000
978	2024-05-29 00:00:00.000000000		742.3500	2024-05-08 00:00:00.000000000
979	2024-05-29 00:00:00.000000000		742.3500	2024-05-08 00:00:00.000000000
980	2024-05-29 00:00:00.000000000		769.4900	2024-05-08 00:00:00.000000000
981	2024-05-29 00:00:00.000000000		769.4900	2024-05-08 00:00:00.000000000
982	2024-05-29 00:00:00.000000000		769.4900	2024-05-08 00:00:00.000000000
983	2024-05-29 00:00:00.000000000		769.4900	2024-05-08 00:00:00.000000000
984	2024-05-29 00:00:00.000000000		564.9900	2024-05-08 00:00:00.000000000
985	2024-05-29 00:00:00.000000000		564.9900	2024-05-08 00:00:00.000000000
986	2024-05-29 00:00:00.000000000		564.9900	2024-05-08 00:00:00.000000000
987	2024-05-29 00:00:00.000000000		564.9900	2024-05-08 00:00:00.000000000
988	2024-05-29 00:00:00.000000000		564.9900	2024-05-08 00:00:00.000000000
989	2024-05-29 00:00:00.000000000		539.9900	2024-05-08 00:00:00.000000000
990	2024-05-29 00:00:00.000000000		539.9900	2024-05-08 00:00:00.000000000
991	2024-05-29 00:00:00.000000000		539.9900	2024-05-08 00:00:00.000000000
992	2024-05-29 00:00:00.000000000		539.9900	2024-05-08 00:00:00.000000000
993	2024-05-29 00:00:00.000000000		539.9900	2024-05-08 00:00:00.000000000
994	2024-05-29 00:00:00.000000000		53.9900	2024-05-08 00:00:00.000000000
995	2024-05-29 00:00:00.000000000		101.2400	2024-05-08 00:00:00.000000000
996	2024-05-29 00:00:00.000000000		121.4900	2024-05-08 00:00:00.000000000
997	2024-05-29 00:00:00.000000000		539.9900	2024-05-08 00:00:00.000000000
998	2024-05-29 00:00:00.000000000		539.9900	2024-05-08 00:00:00.000000000
999	2024-05-29 00:00:00.000000000		539.9900	2024-05-08 00:00:00.000000000
